url_path,views_total,views_unique
/cubicleguy/imu_pj_logger,19,13
/cubicleguy/imu_pj_logger/commit/dd83539260ea3e03345ba87969dbc024dbdbd6c5,12,8
/cubicleguy/imu_pj_logger/blob/main/main.c,5,4
/cubicleguy/imu_pj_logger/blob/main/readme.txt,3,2
/cubicleguy/imu_pj_logger/issues,2,2
/cubicleguy/imu_pj_logger/tree/main/.github/workflows,2,2
/cubicleguy/imu_pj_logger/commits/main,2,1
/cubicleguy/imu_pj_logger/blob/main/.github/workflows/github-repo-stats.yml,1,1
/cubicleguy/imu_pj_logger/blob/main/LICENSE,1,1
/cubicleguy/imu_pj_logger/compare/3894d4855c...ff0d6e59a7,1,1
